Daily commit at Thu Sep 25 15:38:14 UTC 2025
Daily commit at Fri Sep 26 01:43:06 UTC 2025
Daily commit at Sat Sep 27 01:38:56 UTC 2025
Daily commit at Sun Sep 28 01:51:46 UTC 2025
Daily commit at Mon Sep 29 01:45:55 UTC 2025
Daily commit at Tue Sep 30 01:41:13 UTC 2025
Daily commit at Wed Oct  1 01:53:16 UTC 2025
Daily commit at Thu Oct  2 01:41:07 UTC 2025
Daily commit at Fri Oct  3 01:41:02 UTC 2025
Daily commit at Sat Oct  4 01:37:42 UTC 2025
Daily commit at Sun Oct  5 01:51:18 UTC 2025
Daily commit at Mon Oct  6 01:44:11 UTC 2025
Daily commit at Tue Oct  7 01:41:55 UTC 2025
Daily commit at Wed Oct  8 01:42:05 UTC 2025
Daily commit at Thu Oct  9 01:42:56 UTC 2025
Daily commit at Fri Oct 10 01:43:30 UTC 2025
Daily commit at Sat Oct 11 01:39:04 UTC 2025
Daily commit at Sun Oct 12 01:46:42 UTC 2025
Daily commit at Mon Oct 13 01:50:16 UTC 2025
Daily commit at Tue Oct 14 01:43:40 UTC 2025
Daily commit at Wed Oct 15 01:46:38 UTC 2025
Daily commit at Thu Oct 16 01:45:28 UTC 2025
Daily commit at Fri Oct 17 01:44:07 UTC 2025
Daily commit at Sat Oct 18 01:39:37 UTC 2025
Daily commit at Sun Oct 19 01:56:01 UTC 2025
Daily commit at Mon Oct 20 01:53:31 UTC 2025
Daily commit at Tue Oct 21 01:47:29 UTC 2025
Daily commit at Wed Oct 22 01:50:20 UTC 2025
Daily commit at Thu Oct 23 01:46:10 UTC 2025
Daily commit at Fri Oct 24 01:42:16 UTC 2025
Daily commit at Sat Oct 25 01:43:38 UTC 2025
Daily commit at Sun Oct 26 01:52:15 UTC 2025
Daily commit at Mon Oct 27 01:56:35 UTC 2025
Daily commit at Tue Oct 28 01:46:13 UTC 2025
Daily commit at Wed Oct 29 01:53:07 UTC 2025
Daily commit at Thu Oct 30 01:52:49 UTC 2025
Daily commit at Fri Oct 31 01:49:12 UTC 2025
Daily commit at Sat Nov  1 01:52:44 UTC 2025
Daily commit at Sun Nov  2 01:54:59 UTC 2025
Daily commit at Mon Nov  3 01:54:27 UTC 2025
Daily commit at Tue Nov  4 01:49:39 UTC 2025
Daily commit at Wed Nov  5 01:51:13 UTC 2025
Daily commit at Thu Nov  6 01:51:06 UTC 2025
Daily commit at Fri Nov  7 01:49:45 UTC 2025
